{
  "model_path": "models/final_training_results_20250709_152621.zip",
  "training_stats": {
    "model_type": "PPO",
    "total_timesteps": 400000,
    "training_time_minutes": 36.32356213331222,
    "episode_count": 86,
    "final_avg_reward": 0.9517441860465159,
    "final_win_rate": 0.0,
    "episode_rewards": [
      5.0,
      90.0,
      -60.0,
      90.0,
      90.0,
      100.0,
      100.0,
      -275.0,
      245.0,
      40.0,
      -795.27,
      0.0,
      -20.0,
      -20.0,
      -70.0,
      300.0,
      -120.0,
      -779.52,
      25.0,
      290.0,
      -962.66,
      -1225.7,
      270.0,
      185.0,
      210.0,
      300.0,
      -832.66,
      295.0,
      110.0,
      100.0,
      310.0,
      -829.32,
      230.0,
      225.0,
      -45.0,
      -891.87,
      290.0,
      -215.0,
      310.0,
      275.0,
      280.0,
      -110.0,
      90.0,
      310.0,
      275.0,
      -1101.75,
      255.0,
      -782.07,
      -245.0,
      230.0,
      310.0,
      200.0,
      -60.0,
      310.0,
      300.0,
      295.0,
      190.0,
      85.0,
      255.0,
      -165.0,
      300.0,
      90.0,
      230.0,
      75.0,
      255.0,
      -75.0,
      215.0,
      -5.0,
      255.0,
      45.0,
      295.0,
      -864.89,
      -275.0,
      280.0,
      265.0,
      190.0,
      285.0,
      170.0,
      -962.44,
      -180.0,
      -185.0,
      190.0,
      305.0,
      320.0,
      285.0,
      315.0
    ],
    "episode_lengths": [
      5000,
      5000,
      5000,
      5000,
      5000,
      5000,
      5000,
      5000,
      5000,
      5000,
      1974,
      5000,
      5000,
      5000,
      5000,
      5000,
      5000,
      1549,
      5000,
      5000,
      2735,
      3431,
      5000,
      5000,
      5000,
      5000,
      2235,
      5000,
      5000,
      5000,
      5000,
      2569,
      5000,
      5000,
      5000,
      2314,
      5000,
      5000,
      5000,
      5000,
      5000,
      5000,
      5000,
      5000,
      5000,
      2326,
      5000,
      1294,
      5000,
      5000,
      5000,
      5000,
      5000,
      5000,
      5000,
      5000,
      5000,
      5000,
      5000,
      5000,
      5000,
      5000,
      5000,
      5000,
      5000,
      5000,
      5000,
      5000,
      5000,
      5000,
      5000,
      2012,
      5000,
      5000,
      5000,
      5000,
      5000,
      5000,
      2757,
      5000,
      5000,
      5000,
      5000,
      5000,
      5000,
      5000
    ],
    "win_rates": [
      false,
      false,
      false,
      false,
      false,
      false,
      false,
      false,
      false,
      false,
      false,
      false,
      false,
      false,
      false,
      false,
      false,
      false,
      false,
      false,
      false,
      false,
      false,
      false,
      false,
      false,
      false,
      false,
      false,
      false,
      false,
      false,
      false,
      false,
      false,
      false,
      false,
      false,
      false,
      false,
      false,
      false,
      false,
      false,
      false,
      false,
      false,
      false,
      false,
      false,
      false,
      false,
      false,
      false,
      false,
      false,
      false,
      false,
      false,
      false,
      false,
      false,
      false,
      false,
      false,
      false,
      false,
      false,
      false,
      false,
      false,
      false,
      false,
      false,
      false,
      false,
      false,
      false,
      false,
      false,
      false,
      false,
      false,
      false,
      false,
      false
    ],
    "evaluation_stats": {
      "mean_reward": -5.953399999993901,
      "std_reward": 366.0893962769768,
      "min_reward": -1021.0199999999986,
      "max_reward": 150.00000000000662,
      "mean_length": 4614.78,
      "win_rate": 0.0,
      "episode_rewards": [
        125.00000000001253,
        150.0000000000025,
        150.000000000003,
        150.00000000000244,
        90.00000000000603,
        140.0000000000042,
        135.00000000001012,
        -980.3699999999986,
        -994.5199999999986,
        125.00000000001071,
        150.0000000000036,
        150.0000000000064,
        39.99999999999876,
        110.00000000001033,
        125.00000000001073,
        140.00000000001222,
        120.0000000000113,
        150.00000000000324,
        125.00000000001279,
        -1021.0199999999986,
        140.00000000000853,
        140.00000000001214,
        140.0000000000091,
        150.0000000000045,
        140.00000000000074,
        90.00000000000848,
        150.00000000000213,
        120.00000000000695,
        140.00000000000043,
        150.0000000000018,
        139.99999999999912,
        140.00000000000256,
        90.00000000000712,
        140.00000000000819,
        -1003.5699999999998,
        150.0000000000039,
        150.00000000000662,
        -979.5199999999988,
        85.00000000000806,
        125.00000000001192,
        150.00000000000472,
        100.00000000001285,
        140.00000000000819,
        -993.6699999999987,
        140.00000000000483,
        125.0000000000095,
        110.0000000000086,
        135.00000000000674,
        125.00000000001073,
        95.00000000000894
      ],
      "episode_lengths": [
        5000,
        5000,
        5000,
        5000,
        5000,
        5000,
        5000,
        1464,
        1549,
        5000,
        5000,
        5000,
        5000,
        5000,
        5000,
        5000,
        5000,
        5000,
        5000,
        2399,
        5000,
        5000,
        5000,
        5000,
        5000,
        5000,
        5000,
        5000,
        5000,
        5000,
        5000,
        5000,
        5000,
        5000,
        2144,
        5000,
        5000,
        1549,
        5000,
        5000,
        5000,
        5000,
        5000,
        1634,
        5000,
        5000,
        5000,
        5000,
        5000,
        5000
      ]
    }
  },
  "timestamp": "2025-07-09T15:26:21.567686"
}