{
  "model_path": "models/final_training_results_20250709_051354.zip",
  "training_stats": {
    "model_type": "PPO",
    "total_timesteps": 400000,
    "training_time_minutes": 31.400015449523927,
    "episode_count": 82,
    "final_avg_reward": -1.149268292682924,
    "final_win_rate": 0.0,
    "episode_rewards": [
      55.0,
      -1131.39,
      250.0,
      -10.0,
      -80.0,
      60.0,
      -120.0,
      300.0,
      240.0,
      175.0,
      100.0,
      70.0,
      -35.0,
      310.0,
      300.0,
      25.0,
      55.0,
      -0.0,
      -180.0,
      45.0,
      90.0,
      265.0,
      -90.0,
      90.0,
      55.0,
      -215.0,
      230.0,
      200.0,
      -792.76,
      290.0,
      195.0,
      270.0,
      -35.0,
      -1760.32,
      80.0,
      55.0,
      -40.0,
      -195.0,
      190.0,
      100.0,
      -1171.41,
      105.0,
      190.0,
      90.0,
      -130.0,
      -110.0,
      290.0,
      290.0,
      -75.0,
      -165.0,
      280.0,
      220.0,
      165.0,
      -25.0,
      310.0,
      170.0,
      185.0,
      -75.0,
      85.0,
      55.0,
      90.0,
      290.0,
      -30.0,
      275.0,
      -160.0,
      80.0,
      75.0,
      -5.0,
      -1058.09,
      240.0,
      90.0,
      -180.0,
      290.0,
      170.0,
      75.0,
      -300.0,
      255.0,
      90.0,
      60.0,
      -20.0,
      -805.27,
      290.0
    ],
    "episode_lengths": [
      5000,
      3862,
      5000,
      5000,
      5000,
      5000,
      5000,
      5000,
      5000,
      5000,
      5000,
      5000,
      5000,
      5000,
      5000,
      5000,
      5000,
      5000,
      5000,
      5000,
      5000,
      5000,
      5000,
      5000,
      5000,
      5000,
      5000,
      5000,
      1725,
      5000,
      5000,
      5000,
      5000,
      4469,
      5000,
      5000,
      5000,
      5000,
      5000,
      5000,
      4360,
      5000,
      5000,
      5000,
      5000,
      5000,
      5000,
      5000,
      5000,
      5000,
      5000,
      5000,
      5000,
      5000,
      5000,
      5000,
      5000,
      5000,
      5000,
      5000,
      5000,
      5000,
      5000,
      5000,
      5000,
      5000,
      5000,
      5000,
      3692,
      5000,
      5000,
      5000,
      5000,
      5000,
      5000,
      5000,
      5000,
      5000,
      5000,
      5000,
      1974,
      5000
    ],
    "win_rates": [
      false,
      false,
      false,
      false,
      false,
      false,
      false,
      false,
      false,
      false,
      false,
      false,
      false,
      false,
      false,
      false,
      false,
      false,
      false,
      false,
      false,
      false,
      false,
      false,
      false,
      false,
      false,
      false,
      false,
      false,
      false,
      false,
      false,
      false,
      false,
      false,
      false,
      false,
      false,
      false,
      false,
      false,
      false,
      false,
      false,
      false,
      false,
      false,
      false,
      false,
      false,
      false,
      false,
      false,
      false,
      false,
      false,
      false,
      false,
      false,
      false,
      false,
      false,
      false,
      false,
      false,
      false,
      false,
      false,
      false,
      false,
      false,
      false,
      false,
      false,
      false,
      false,
      false,
      false,
      false,
      false,
      false
    ],
    "evaluation_stats": {
      "mean_reward": -395.9412000000034,
      "std_reward": 540.9420400510194,
      "min_reward": -1029.0399999999986,
      "max_reward": 349.99999999996845,
      "mean_length": 3566.38,
      "win_rate": 0.0,
      "episode_rewards": [
        -979.3399999999998,
        130.00000000000844,
        -1029.0399999999986,
        125.00000000001069,
        60.00000000000086,
        -800.960000000021,
        -170.00000000000526,
        -1000.1100000000004,
        120.00000000001214,
        120.00000000001643,
        -971.0200000000006,
        -810.3700000000124,
        120.00000000000706,
        349.99999999996845,
        -976.1199999999994,
        90.00000000000615,
        -991.969999999999,
        -978.6699999999989,
        -784.6200000000085,
        150.0000000000036,
        -972.7200000000001,
        -1013.8799999999998,
        150.000000000008,
        -976.1199999999994,
        -978.6699999999989,
        135.00000000000938,
        120.00000000000631,
        30.00000000000228,
        -978.9799999999993,
        14.999999999975655,
        150.0000000000049,
        115.0000000000119,
        264.9999999999719,
        75.00000000000256,
        -987.7199999999996,
        125.00000000000956,
        234.99999999995583,
        334.99999999995543,
        125.00000000001066,
        105.00000000000975,
        -978.6699999999989,
        -946.4499999999992,
        304.99999999995975,
        -819.4200000000169,
        -976.9699999999993,
        -976.9699999999993,
        -1016.7699999999985,
        -625.2700000000068,
        -788.5700000000186,
        -817.6600000000194
      ],
      "episode_lengths": [
        2067,
        5000,
        3097,
        5000,
        5000,
        2405,
        5000,
        2490,
        5000,
        5000,
        2399,
        1464,
        5000,
        5000,
        1889,
        5000,
        1804,
        1634,
        1039,
        5000,
        2229,
        2613,
        5000,
        1889,
        1634,
        5000,
        5000,
        5000,
        2103,
        5000,
        5000,
        5000,
        5000,
        5000,
        2229,
        5000,
        5000,
        5000,
        5000,
        5000,
        1634,
        3856,
        5000,
        2059,
        1804,
        1804,
        2824,
        1974,
        2144,
        2235
      ]
    }
  },
  "timestamp": "2025-07-09T05:13:54.807225"
}