{
  "model_path": "models/final_training_results_20250709_142557.zip",
  "training_stats": {
    "model_type": "PPO",
    "total_timesteps": 400000,
    "training_time_minutes": 30.556035017967226,
    "episode_count": 83,
    "final_avg_reward": 40.33650602409638,
    "final_win_rate": 0.0,
    "episode_rewards": [
      100.0,
      80.0,
      240.0,
      65.0,
      85.0,
      -565.0,
      -10.0,
      260.0,
      290.0,
      90.0,
      -70.0,
      90.0,
      75.0,
      -30.0,
      205.0,
      85.0,
      -55.0,
      230.0,
      300.0,
      95.0,
      200.0,
      290.0,
      200.0,
      -335.0,
      300.0,
      -1161.39,
      -20.0,
      220.0,
      305.0,
      -345.0,
      -0.0,
      185.0,
      -818.51,
      310.0,
      245.0,
      160.0,
      255.0,
      130.0,
      50.0,
      210.0,
      265.0,
      205.0,
      90.0,
      310.0,
      -130.0,
      -916.65,
      60.0,
      90.0,
      300.0,
      290.0,
      110.0,
      230.0,
      310.0,
      -105.0,
      190.0,
      55.0,
      210.0,
      -792.76,
      275.0,
      300.0,
      -65.0,
      -465.0,
      255.0,
      -90.0,
      280.0,
      -883.35,
      25.0,
      260.0,
      -875.96,
      260.0,
      -818.45,
      290.0,
      285.0,
      -30.0,
      310.0,
      145.0,
      245.0,
      120.0,
      -165.0,
      210.0,
      300.0,
      195.0,
      275.0
    ],
    "episode_lengths": [
      5000,
      5000,
      5000,
      5000,
      5000,
      5000,
      5000,
      5000,
      5000,
      5000,
      5000,
      5000,
      5000,
      5000,
      5000,
      5000,
      5000,
      5000,
      5000,
      5000,
      5000,
      5000,
      5000,
      5000,
      5000,
      3862,
      5000,
      5000,
      5000,
      5000,
      5000,
      5000,
      2150,
      5000,
      5000,
      5000,
      5000,
      5000,
      5000,
      5000,
      5000,
      5000,
      5000,
      5000,
      5000,
      2836,
      5000,
      5000,
      5000,
      5000,
      5000,
      5000,
      5000,
      5000,
      5000,
      5000,
      5000,
      1725,
      5000,
      5000,
      5000,
      5000,
      5000,
      5000,
      5000,
      2666,
      5000,
      5000,
      2405,
      5000,
      2156,
      5000,
      5000,
      5000,
      5000,
      5000,
      5000,
      5000,
      5000,
      5000,
      5000,
      5000,
      5000
    ],
    "win_rates": [
      false,
      false,
      false,
      false,
      false,
      false,
      false,
      false,
      false,
      false,
      false,
      false,
      false,
      false,
      false,
      false,
      false,
      false,
      false,
      false,
      false,
      false,
      false,
      false,
      false,
      false,
      false,
      false,
      false,
      false,
      false,
      false,
      false,
      false,
      false,
      false,
      false,
      false,
      false,
      false,
      false,
      false,
      false,
      false,
      false,
      false,
      false,
      false,
      false,
      false,
      false,
      false,
      false,
      false,
      false,
      false,
      false,
      false,
      false,
      false,
      false,
      false,
      false,
      false,
      false,
      false,
      false,
      false,
      false,
      false,
      false,
      false,
      false,
      false,
      false,
      false,
      false,
      false,
      false,
      false,
      false,
      false,
      false
    ],
    "evaluation_stats": {
      "mean_reward": 170.80000000000143,
      "std_reward": 123.69058169479871,
      "min_reward": -19.999999999992156,
      "max_reward": 739.9999999999897,
      "mean_length": 5000.0,
      "win_rate": 0.04,
      "episode_rewards": [
        594.9999999999868,
        130.00000000000995,
        140.00000000001032,
        135.00000000001145,
        80.0000000000014,
        135.00000000000796,
        739.9999999999897,
        334.9999999999656,
        95.00000000000946,
        125.0000000000098,
        334.99999999995543,
        130.00000000000995,
        135.000000000011,
        135.0000000000075,
        150.00000000000483,
        140.00000000000878,
        -19.999999999992156,
        115.00000000000662,
        130.00000000001364,
        110.00000000001342,
        150.00000000000517,
        349.9999999999617,
        329.9999999999623,
        135.00000000001083,
        130.00000000000995,
        125.00000000000857,
        150.0000000000021,
        125.00000000001042,
        125.00000000001258,
        125.00000000001556,
        150.00000000000483,
        150.00000000000514,
        115.0000000000116,
        125.0000000000134,
        140.00000000000068,
        150.00000000000057,
        279.9999999999705,
        125.00000000000914,
        140.00000000001214,
        140.00000000000142,
        60.00000000000288,
        150.0000000000002,
        150.0000000000043,
        150.00000000000557,
        130.00000000000387,
        140.00000000000813,
        140.00000000000412,
        140.0000000000073,
        284.9999999999672,
        64.99999999999754
      ],
      "episode_lengths": [
        5000,
        5000,
        5000,
        5000,
        5000,
        5000,
        5000,
        5000,
        5000,
        5000,
        5000,
        5000,
        5000,
        5000,
        5000,
        5000,
        5000,
        5000,
        5000,
        5000,
        5000,
        5000,
        5000,
        5000,
        5000,
        5000,
        5000,
        5000,
        5000,
        5000,
        5000,
        5000,
        5000,
        5000,
        5000,
        5000,
        5000,
        5000,
        5000,
        5000,
        5000,
        5000,
        5000,
        5000,
        5000,
        5000,
        5000,
        5000,
        5000,
        5000
      ]
    }
  },
  "timestamp": "2025-07-09T14:25:57.883825"
}