{
  "model_path": "models/final_training_results_20250709_132318.zip",
  "training_stats": {
    "model_type": "PPO",
    "total_timesteps": 400000,
    "training_time_minutes": 35.66840718189875,
    "episode_count": 83,
    "final_avg_reward": -57.46180722891566,
    "final_win_rate": 0.0,
    "episode_rewards": [
      240.0,
      -180.0,
      40.0,
      90.0,
      20.0,
      80.0,
      -160.0,
      -255.0,
      -425.0,
      290.0,
      -140.0,
      275.0,
      275.0,
      275.0,
      65.0,
      100.0,
      90.0,
      -285.0,
      10.0,
      30.0,
      100.0,
      -625.0,
      90.0,
      245.0,
      -170.0,
      100.0,
      45.0,
      245.0,
      -235.0,
      80.0,
      300.0,
      100.0,
      -45.0,
      -240.0,
      65.0,
      -40.0,
      -818.57,
      65.0,
      35.0,
      -420.0,
      -260.0,
      -890.05,
      -195.0,
      85.0,
      -860.9,
      270.0,
      265.0,
      95.0,
      40.0,
      -325.0,
      170.0,
      60.0,
      300.0,
      295.0,
      105.0,
      -75.0,
      -961.71,
      -35.0,
      230.0,
      -90.0,
      -125.0,
      25.0,
      -180.0,
      -95.0,
      -779.52,
      -40.0,
      90.0,
      75.0,
      100.0,
      90.0,
      175.0,
      -135.0,
      235.0,
      -370.0,
      25.0,
      -15.0,
      80.0,
      -480.0,
      90.0,
      5.0,
      35.0,
      -245.0,
      -863.58
    ],
    "episode_lengths": [
      5000,
      5000,
      5000,
      5000,
      5000,
      5000,
      5000,
      5000,
      5000,
      5000,
      5000,
      5000,
      5000,
      5000,
      5000,
      5000,
      5000,
      5000,
      5000,
      5000,
      5000,
      5000,
      5000,
      5000,
      5000,
      5000,
      5000,
      5000,
      5000,
      5000,
      5000,
      5000,
      5000,
      5000,
      5000,
      5000,
      2144,
      5000,
      5000,
      5000,
      5000,
      2496,
      5000,
      5000,
      2411,
      5000,
      5000,
      5000,
      5000,
      5000,
      5000,
      5000,
      5000,
      5000,
      5000,
      5000,
      2830,
      5000,
      5000,
      5000,
      5000,
      5000,
      5000,
      5000,
      1549,
      5000,
      5000,
      5000,
      5000,
      5000,
      5000,
      5000,
      5000,
      5000,
      5000,
      5000,
      5000,
      5000,
      5000,
      5000,
      5000,
      5000,
      2143
    ],
    "win_rates": [
      false,
      false,
      false,
      false,
      false,
      false,
      false,
      false,
      false,
      false,
      false,
      false,
      false,
      false,
      false,
      false,
      false,
      false,
      false,
      false,
      false,
      false,
      false,
      false,
      false,
      false,
      false,
      false,
      false,
      false,
      false,
      false,
      false,
      false,
      false,
      false,
      false,
      false,
      false,
      false,
      false,
      false,
      false,
      false,
      false,
      false,
      false,
      false,
      false,
      false,
      false,
      false,
      false,
      false,
      false,
      false,
      false,
      false,
      false,
      false,
      false,
      false,
      false,
      false,
      false,
      false,
      false,
      false,
      false,
      false,
      false,
      false,
      false,
      false,
      false,
      false,
      false,
      false,
      false,
      false,
      false,
      false,
      false
    ],
    "evaluation_stats": {
      "mean_reward": -189.37359999999404,
      "std_reward": 496.8476161913666,
      "min_reward": -1018.5099999999999,
      "max_reward": 150.00000000001194,
      "mean_length": 4162.92,
      "win_rate": 0.0,
      "episode_rewards": [
        140.0000000000079,
        150.00000000000364,
        125.00000000001702,
        140.0000000000033,
        140.00000000001089,
        150.00000000000074,
        135.0000000000133,
        -991.9699999999981,
        -979.5199999999988,
        140.00000000001393,
        150.00000000000998,
        -974.4199999999998,
        120.00000000001292,
        125.00000000001246,
        140.00000000000904,
        90.00000000001474,
        59.999999999994124,
        150.0000000000067,
        135.00000000000819,
        20.000000000002778,
        -975.2099999999997,
        139.99999999999974,
        -1007.7599999999989,
        150.0000000000042,
        -975.9999999999995,
        135.0000000000108,
        125.00000000001077,
        135.00000000000608,
        -94.99999999999571,
        130.00000000001418,
        -973.45,
        140.00000000000864,
        135.0000000000079,
        150.00000000001194,
        -992.6499999999999,
        140.0000000000037,
        -970.9000000000005,
        115.00000000001222,
        140.00000000001052,
        -974.3599999999999,
        -975.9999999999995,
        -971.8100000000004,
        150.00000000000273,
        -44.9999999999955,
        120.00000000001279,
        -976.1199999999994,
        150.00000000000637,
        125.0000000000113,
        -1018.5099999999999,
        140.00000000000935
      ],
      "episode_lengths": [
        5000,
        5000,
        5000,
        5000,
        5000,
        5000,
        5000,
        1804,
        1549,
        5000,
        5000,
        2059,
        5000,
        5000,
        5000,
        5000,
        5000,
        5000,
        5000,
        5000,
        1980,
        5000,
        1725,
        5000,
        1901,
        5000,
        5000,
        5000,
        5000,
        5000,
        2156,
        5000,
        5000,
        5000,
        2236,
        5000,
        2411,
        5000,
        5000,
        2065,
        1901,
        2320,
        5000,
        5000,
        5000,
        1889,
        5000,
        5000,
        2150,
        5000
      ]
    }
  },
  "timestamp": "2025-07-09T13:23:18.284627"
}