{
  "model_path": "models/final_training_results_20250709_175449.zip",
  "training_stats": {
    "model_type": "PPO",
    "total_timesteps": 400000,
    "training_time_minutes": 37.32183673381805,
    "episode_count": 94,
    "final_avg_reward": -136.7476595744681,
    "final_win_rate": 0.0,
    "episode_rewards": [
      75.0,
      145.0,
      205.0,
      320.0,
      100.0,
      -780.37,
      100.0,
      240.0,
      -665.0,
      285.0,
      305.0,
      -140.0,
      250.0,
      60.0,
      90.0,
      205.0,
      -45.0,
      225.0,
      -20.0,
      -850.27,
      220.0,
      -110.0,
      285.0,
      290.0,
      -832.72,
      -863.57,
      265.0,
      260.0,
      205.0,
      -934.2,
      165.0,
      -846.61,
      130.0,
      210.0,
      -847.66,
      5.0,
      -861.81,
      -210.0,
      -935.17,
      -816.81,
      -873.41,
      265.0,
      -1157.32,
      255.0,
      -832.72,
      -834.42,
      310.0,
      -5.0,
      -794.52,
      -830.86,
      255.0,
      -65.0,
      215.0,
      85.0,
      200.0,
      220.0,
      280.0,
      185.0,
      -906.87,
      -1047.28,
      105.0,
      -220.0,
      235.0,
      50.0,
      260.0,
      105.0,
      290.0,
      285.0,
      310.0,
      265.0,
      290.0,
      -780.37,
      -777.64,
      -180.0,
      300.0,
      -807.86,
      -851.12,
      200.0,
      45.0,
      110.0,
      55.0,
      260.0,
      -808.61,
      280.0,
      305.0,
      310.0,
      -878.51,
      -5.0,
      -1024.06,
      -220.0,
      195.0,
      -779.52,
      130.0,
      290.0
    ],
    "episode_lengths": [
      5000,
      5000,
      5000,
      5000,
      5000,
      1464,
      5000,
      5000,
      5000,
      5000,
      5000,
      5000,
      5000,
      5000,
      5000,
      5000,
      5000,
      5000,
      5000,
      1974,
      5000,
      5000,
      5000,
      5000,
      2229,
      2144,
      5000,
      5000,
      5000,
      2581,
      5000,
      3340,
      5000,
      5000,
      2235,
      5000,
      2320,
      5000,
      2484,
      2320,
      2660,
      5000,
      4269,
      5000,
      2229,
      2059,
      5000,
      5000,
      1549,
      2915,
      5000,
      5000,
      5000,
      5000,
      5000,
      5000,
      5000,
      5000,
      2314,
      3273,
      5000,
      5000,
      5000,
      5000,
      5000,
      5000,
      5000,
      5000,
      5000,
      5000,
      5000,
      1464,
      2237,
      5000,
      5000,
      1715,
      1889,
      5000,
      5000,
      5000,
      5000,
      5000,
      1640,
      5000,
      5000,
      5000,
      2150,
      5000,
      3595,
      5000,
      5000,
      1549,
      5000,
      5000
    ],
    "win_rates": [
      false,
      false,
      false,
      false,
      false,
      false,
      false,
      false,
      false,
      false,
      false,
      false,
      false,
      false,
      false,
      false,
      false,
      false,
      false,
      false,
      false,
      false,
      false,
      false,
      false,
      false,
      false,
      false,
      false,
      false,
      false,
      false,
      false,
      false,
      false,
      false,
      false,
      false,
      false,
      false,
      false,
      false,
      false,
      false,
      false,
      false,
      false,
      false,
      false,
      false,
      false,
      false,
      false,
      false,
      false,
      false,
      false,
      false,
      false,
      false,
      false,
      false,
      false,
      false,
      false,
      false,
      false,
      false,
      false,
      false,
      false,
      false,
      false,
      false,
      false,
      false,
      false,
      false,
      false,
      false,
      false,
      false,
      false,
      false,
      false,
      false,
      false,
      false,
      false,
      false,
      false,
      false,
      false,
      false
    ],
    "evaluation_stats": {
      "mean_reward": -16.260000000027844,
      "std_reward": 481.0075615995992,
      "min_reward": -818.5700000000195,
      "max_reward": 349.9999999999546,
      "mean_length": 4214.28,
      "win_rate": 0.0,
      "episode_rewards": [
        150.00000000000642,
        -771.0000000000218,
        -786.870000000021,
        334.9999999999546,
        349.9999999999546,
        329.9999999999546,
        -783.7700000000102,
        -776.1200000000172,
        349.9999999999546,
        -731.7600000000439,
        125.00000000001313,
        140.00000000000185,
        349.9999999999546,
        -786.870000000021,
        259.9999999999546,
        349.9999999999546,
        135.0000000000102,
        309.9999999999546,
        339.9999999999546,
        339.9999999999546,
        349.9999999999546,
        130.00000000001242,
        339.9999999999546,
        -741.0000000000218,
        105.00000000001157,
        339.9999999999546,
        349.9999999999546,
        299.9999999999546,
        -752.5900000000249,
        134.99999999999957,
        -818.5700000000195,
        339.9999999999546,
        339.9999999999546,
        314.9999999999546,
        -776.9700000000164,
        150.00000000000483,
        329.9999999999546,
        150.00000000000549,
        334.9999999999546,
        324.9999999999546,
        339.9999999999546,
        -794.5200000000141,
        349.9999999999546,
        -780.8400000000129,
        339.9999999999546,
        -781.1600000000126,
        349.9999999999546,
        140.00000000000296,
        -800.9600000000219,
        349.9999999999546
      ],
      "episode_lengths": [
        5000,
        2401,
        2314,
        5000,
        5000,
        5000,
        1124,
        1889,
        5000,
        4825,
        5000,
        5000,
        5000,
        2314,
        5000,
        5000,
        5000,
        5000,
        5000,
        5000,
        5000,
        5000,
        5000,
        2401,
        5000,
        5000,
        5000,
        5000,
        2742,
        5000,
        2144,
        5000,
        5000,
        5000,
        1804,
        5000,
        5000,
        5000,
        5000,
        5000,
        5000,
        1549,
        5000,
        1417,
        5000,
        1385,
        5000,
        5000,
        2405,
        5000
      ]
    }
  },
  "timestamp": "2025-07-09T17:54:49.490608"
}