{
  "model_path": "models/final_training_results_20250709_121355.zip",
  "training_stats": {
    "model_type": "PPO",
    "total_timesteps": 400000,
    "training_time_minutes": 40.95417503515879,
    "episode_count": 82,
    "final_avg_reward": -12.41158536585366,
    "final_win_rate": 0.0,
    "episode_rewards": [
      225.0,
      -175.0,
      -1219.22,
      205.0,
      90.0,
      -25.0,
      85.0,
      -230.0,
      285.0,
      75.0,
      310.0,
      -819.36,
      150.0,
      295.0,
      55.0,
      100.0,
      20.0,
      -385.0,
      -5.0,
      -120.0,
      -110.0,
      -10.0,
      255.0,
      250.0,
      185.0,
      65.0,
      285.0,
      -135.0,
      -40.0,
      -1223.21,
      85.0,
      195.0,
      285.0,
      -140.0,
      295.0,
      145.0,
      -15.0,
      -845.96,
      155.0,
      -305.0,
      -345.0,
      70.0,
      -205.0,
      -395.0,
      290.0,
      -275.0,
      305.0,
      295.0,
      100.0,
      35.0,
      285.0,
      75.0,
      75.0,
      110.0,
      225.0,
      -30.0,
      -65.0,
      60.0,
      40.0,
      75.0,
      5.0,
      85.0,
      80.0,
      -190.0,
      110.0,
      255.0,
      -0.0,
      -185.0,
      -120.0,
      -145.0,
      310.0,
      -170.0,
      270.0,
      275.0,
      185.0,
      -425.0,
      -330.0,
      -305.0,
      95.0,
      290.0,
      70.0,
      -195.0
    ],
    "episode_lengths": [
      5000,
      5000,
      3079,
      5000,
      5000,
      5000,
      5000,
      5000,
      5000,
      5000,
      5000,
      2065,
      5000,
      5000,
      5000,
      5000,
      5000,
      5000,
      5000,
      5000,
      5000,
      5000,
      5000,
      5000,
      5000,
      5000,
      5000,
      5000,
      5000,
      3180,
      5000,
      5000,
      5000,
      5000,
      5000,
      5000,
      5000,
      2405,
      5000,
      5000,
      5000,
      5000,
      5000,
      5000,
      5000,
      5000,
      5000,
      5000,
      5000,
      5000,
      5000,
      5000,
      5000,
      5000,
      5000,
      5000,
      5000,
      5000,
      5000,
      5000,
      5000,
      5000,
      5000,
      5000,
      5000,
      5000,
      5000,
      5000,
      5000,
      5000,
      5000,
      5000,
      5000,
      5000,
      5000,
      5000,
      5000,
      5000,
      5000,
      5000,
      5000,
      5000
    ],
    "win_rates": [
      false,
      false,
      false,
      false,
      false,
      false,
      false,
      false,
      false,
      false,
      false,
      false,
      false,
      false,
      false,
      false,
      false,
      false,
      false,
      false,
      false,
      false,
      false,
      false,
      false,
      false,
      false,
      false,
      false,
      false,
      false,
      false,
      false,
      false,
      false,
      false,
      false,
      false,
      false,
      false,
      false,
      false,
      false,
      false,
      false,
      false,
      false,
      false,
      false,
      false,
      false,
      false,
      false,
      false,
      false,
      false,
      false,
      false,
      false,
      false,
      false,
      false,
      false,
      false,
      false,
      false,
      false,
      false,
      false,
      false,
      false,
      false,
      false,
      false,
      false,
      false,
      false,
      false,
      false,
      false,
      false,
      false
    ],
    "evaluation_stats": {
      "mean_reward": 219.8243999999573,
      "std_reward": 333.450918296283,
      "min_reward": -791.1200000000172,
      "max_reward": 349.9999999999545,
      "mean_length": 4692.54,
      "win_rate": 0.0,
      "episode_rewards": [
        324.9999999999545,
        329.9999999999545,
        339.9999999999545,
        339.9999999999545,
        329.9999999999545,
        349.9999999999545,
        329.9999999999545,
        339.9999999999545,
        329.9999999999545,
        329.9999999999545,
        269.9999999999545,
        339.9999999999545,
        334.9999999999545,
        -775.210000000018,
        -772.7200000000203,
        269.9999999999545,
        349.9999999999545,
        -791.1200000000172,
        339.9999999999545,
        329.9999999999545,
        349.9999999999545,
        339.9999999999545,
        339.9999999999545,
        329.9999999999545,
        -773.5700000000195,
        329.9999999999545,
        349.9999999999545,
        -781.1600000000126,
        324.9999999999545,
        329.9999999999545,
        339.9999999999545,
        349.9999999999545,
        324.9999999999545,
        349.9999999999545,
        339.9999999999545,
        339.9999999999545,
        349.9999999999545,
        334.9999999999545,
        329.9999999999545,
        314.9999999999545,
        319.9999999999545,
        339.9999999999545,
        269.9999999999545,
        349.9999999999545,
        329.9999999999545,
        334.9999999999545,
        269.9999999999545,
        339.9999999999545,
        339.9999999999545,
        339.9999999999545
      ],
      "episode_lengths": [
        5000,
        5000,
        5000,
        5000,
        5000,
        5000,
        5000,
        5000,
        5000,
        5000,
        5000,
        5000,
        5000,
        1980,
        2229,
        5000,
        5000,
        1889,
        5000,
        5000,
        5000,
        5000,
        5000,
        5000,
        2144,
        5000,
        5000,
        1385,
        5000,
        5000,
        5000,
        5000,
        5000,
        5000,
        5000,
        5000,
        5000,
        5000,
        5000,
        5000,
        5000,
        5000,
        5000,
        5000,
        5000,
        5000,
        5000,
        5000,
        5000,
        5000
      ]
    }
  },
  "timestamp": "2025-07-09T12:13:55.847143"
}